,Article,rev_id,page_id,user,timestamp,Quality,article_type
1637,ACM SIGHPC,767714637,18319938,Johnsoniensis,2017-02-27T14:56:27Z,C,NotSoGood
1638,ACM SIGHPC,224007826,18319938,ShepBot,2008-07-06T22:32:40Z,C,NotSoGood
1639,ACM SIGOPS,767728421,18319940,Johnsoniensis,2017-02-27T16:33:35Z,C,NotSoGood
1640,ACM SIGOPS,224007836,18319940,ShepBot,2008-07-06T22:32:43Z,C,NotSoGood
1641,Alan Kay,767735440,18319942,Johnsoniensis,2017-02-27T17:21:23Z,C,NotSoGood
1642,Alan Kay,224007848,18319942,ShepBot,2008-07-06T22:32:47Z,C,NotSoGood
1643,Automata theory,767858834,18319943,Johnsoniensis,2017-02-28T10:35:07Z,C,NotSoGood
1644,Automata theory,224007857,18319943,ShepBot,2008-07-06T22:32:50Z,C,NotSoGood
1645,Bit,767900831,18319945,Johnsoniensis,2017-02-28T16:36:04Z,C,NotSoGood
1646,Bit,224007873,18319945,ShepBot,2008-07-06T22:32:53Z,C,NotSoGood
1647,Byte,767917999,18319947,Johnsoniensis,2017-02-28T18:34:26Z,C,NotSoGood
1648,Byte,224007885,18319947,ShepBot,2008-07-06T22:32:56Z,C,NotSoGood
1649,CMOS,767929033,18319948,Johnsoniensis,2017-02-28T19:40:53Z,C,NotSoGood
1650,CMOS,224007901,18319948,ShepBot,2008-07-06T22:32:59Z,C,NotSoGood
1651,Cache (computing),768019514,18319949,Johnsoniensis,2017-03-01T08:33:50Z,C,NotSoGood
1652,Cache (computing),224007912,18319949,ShepBot,2008-07-06T22:33:03Z,C,NotSoGood
1653,Cloud computing,786034215,18319950,SineBot,2017-06-16T21:13:20Z,C,NotSoGood
1654,Cloud computing,786033920,18319950,82.16.129.60,2017-06-16T21:10:49Z,C,NotSoGood
1655,Cloud computing,768057937,18319950,Johnsoniensis,2017-03-01T15:04:07Z,C,NotSoGood
1656,Cloud computing,224007925,18319950,ShepBot,2008-07-06T22:33:06Z,C,NotSoGood
1657,Command-line interface,571203522,18319951,Felix Folio Secundus,2013-09-02T10:45:38Z,C,NotSoGood
1658,Command-line interface,528989989,18319951,SineBot,2012-12-20T18:10:36Z,C,NotSoGood
1659,Command-line interface,528989831,18319951,93.72.154.185,2012-12-20T18:09:24Z,C,NotSoGood
1660,Command-line interface,224007930,18319951,ShepBot,2008-07-06T22:33:10Z,C,NotSoGood
1661,Compiler,768069172,18319952,Johnsoniensis,2017-03-01T16:34:11Z,C,NotSoGood
1662,Compiler,224007940,18319952,ShepBot,2008-07-06T22:33:14Z,C,NotSoGood
1663,Computational complexity,768076583,18319953,Johnsoniensis,2017-03-01T17:27:41Z,C,NotSoGood
1664,Computational complexity,224007953,18319953,ShepBot,2008-07-06T22:33:17Z,C,NotSoGood
1665,Computer,768235489,18319955,Johnsoniensis,2017-03-02T16:31:31Z,C,NotSoGood
1666,Computer,224007967,18319955,ShepBot,2008-07-06T22:33:21Z,C,NotSoGood
1667,Computer architecture,768254823,18319957,Johnsoniensis,2017-03-02T18:55:13Z,C,NotSoGood
1668,Computer architecture,373376218,18319957,John Hill,2010-07-14T03:10:43Z,C,NotSoGood
1669,Computer architecture,224007986,18319957,ShepBot,2008-07-06T22:33:25Z,C,NotSoGood
1670,Computer engineering,768359459,11577893,Johnsoniensis,2017-03-03T09:40:41Z,C,NotSoGood
1671,Computer engineering,224008002,11577893,ShepBot,2008-07-06T22:33:28Z,C,NotSoGood
1672,Computer engineering,135655222,11577893,70.186.172.75,2007-06-03T22:51:12Z,C,NotSoGood
1673,Computer programming,768397064,18319958,Johnsoniensis,2017-03-03T15:25:13Z,C,NotSoGood
1674,Computer programming,224008012,18319958,ShepBot,2008-07-06T22:33:31Z,C,NotSoGood
1675,Computer security,856906288,18319960,Sam Sailor,2018-08-28T08:54:22Z,C,NotSoGood
1676,Computer security,768522736,18319960,Johnsoniensis,2017-03-04T09:04:42Z,C,NotSoGood
1677,Computer security,232497286,18319960,Martarius,2008-08-17T14:27:38Z,C,NotSoGood
1678,Computer security,224008032,18319960,ShepBot,2008-07-06T22:33:35Z,C,NotSoGood
1679,Computer virus,768601787,18319961,Johnsoniensis,2017-03-04T19:53:12Z,C,NotSoGood
1680,Computer virus,224008039,18319961,ShepBot,2008-07-06T22:33:38Z,C,NotSoGood
1681,Computing,769563428,18319962,Johnsoniensis,2017-03-10T09:28:29Z,C,NotSoGood
1682,Computing,224008053,18319962,ShepBot,2008-07-06T22:33:41Z,C,NotSoGood
1683,"Cut, copy, and paste",571244038,287009,Felix Folio Secundus,2013-09-02T16:29:21Z,C,NotSoGood
1684,"Cut, copy, and paste",528999758,287009,93.72.154.185,2012-12-20T19:26:29Z,C,NotSoGood
1685,"Cut, copy, and paste",224008071,287009,ShepBot,2008-07-06T22:33:47Z,C,NotSoGood
1686,"Cut, copy, and paste",206062882,287009,Michaelm 22,2008-04-16T17:46:37Z,C,NotSoGood
1687,"Cut, copy, and paste",206061919,287009,167.128.204.199,2008-04-16T17:42:14Z,C,NotSoGood
1688,"Cut, copy, and paste",21810847,287009,Nickptar,2005-08-25T15:49:49Z,C,NotSoGood
1689,"Cut, copy, and paste",21808726,287009,Vandalbot on wheels!,2005-08-25T15:17:06Z,C,NotSoGood
1690,"Cut, copy, and paste",16159633,287009,Davenbelle,2004-12-27T01:13:27Z,C,NotSoGood
1691,"Cut, copy, and paste",8842732,287009,Angela,2004-07-26T06:26:53Z,C,NotSoGood
1692,"Cut, copy, and paste",4849121,287009,172,2004-07-24T05:39:07Z,C,NotSoGood
1693,"Cut, copy, and paste",4816303,287009,205.188.116.135,2004-07-24T05:29:32Z,C,NotSoGood
1694,"Cut, copy, and paste",4816226,287009,Guanaco,2004-07-24T05:26:57Z,C,NotSoGood
1695,"Cut, copy, and paste",4816203,287009,205.188.116.135,2004-07-24T05:26:14Z,C,NotSoGood
1696,"Cut, copy, and paste",4816197,287009,172,2003-08-03T09:24:21Z,C,NotSoGood
1697,Data center,769477955,18319965,Johnsoniensis,2017-03-09T20:14:54Z,C,NotSoGood
1698,Data center,529000472,18319965,93.72.154.185,2012-12-20T19:32:00Z,C,NotSoGood
1699,Data center,224008092,18319965,ShepBot,2008-07-06T22:33:51Z,C,NotSoGood
1700,Data compression,769443335,18319966,Johnsoniensis,2017-03-09T15:56:25Z,C,NotSoGood
1701,Data compression,224008107,18319966,ShepBot,2008-07-06T22:33:55Z,C,NotSoGood
1702,Dell Technologies,785566156,15799220,InternetArchiveBot,2017-06-14T07:19:57Z,C,NotSoGood
1703,Dell Technologies,769434153,15799220,Johnsoniensis,2017-03-09T14:43:16Z,C,NotSoGood
1704,Dell Technologies,224008125,15799220,ShepBot,2008-07-06T22:33:59Z,C,NotSoGood
1705,Dell Technologies,192036800,15799220,Ludde23,2008-02-17T10:27:16Z,C,NotSoGood
1706,Dell Technologies,191993548,15799220,65.75.114.117,2008-02-17T04:03:02Z,C,NotSoGood
1707,Dell Technologies,191992694,15799220,65.75.114.117,2008-02-17T03:57:27Z,C,NotSoGood
1708,Ed Roberts (computer engineer),769237381,18319969,Johnsoniensis,2017-03-08T09:46:40Z,C,NotSoGood
1709,Ed Roberts (computer engineer),224008137,18319969,ShepBot,2008-07-06T22:34:02Z,C,NotSoGood
1710,Email,769107373,17174947,Johnsoniensis,2017-03-07T16:41:49Z,C,NotSoGood
1711,Email,224008154,17174947,ShepBot,2008-07-06T22:34:06Z,C,NotSoGood
1712,Email,208965765,17174947,Ludde23,2008-04-29T10:21:08Z,C,NotSoGood
1713,Email,208947303,17174947,85.160.16.105,2008-04-29T07:17:20Z,C,NotSoGood
1714,Ethernet,768933741,18319971,Johnsoniensis,2017-03-06T16:35:47Z,C,NotSoGood
1715,Ethernet,224008170,18319971,ShepBot,2008-07-06T22:34:09Z,C,NotSoGood
1716,Evaluation strategy,768778991,18319972,Johnsoniensis,2017-03-05T19:05:33Z,C,NotSoGood
1717,Evaluation strategy,224008180,18319972,ShepBot,2008-07-06T22:34:12Z,C,NotSoGood
1718,File system,768760482,8391800,Johnsoniensis,2017-03-05T17:00:29Z,C,NotSoGood
1719,File system,224008190,8391800,ShepBot,2008-07-06T22:34:16Z,C,NotSoGood
1720,File system,93692312,8391800,Ludde23,2006-12-11T23:49:43Z,C,NotSoGood
1721,File system,93688956,8391800,SyntaxError55,2006-12-11T23:33:57Z,C,NotSoGood
1722,File system,93688755,8391800,76.186.212.111,2006-12-11T23:33:04Z,C,NotSoGood
1723,GNU,785578799,18319974,InternetArchiveBot,2017-06-14T09:06:43Z,C,NotSoGood
1724,GNU,768725820,18319974,Johnsoniensis,2017-03-05T12:28:29Z,C,NotSoGood
1725,GNU,224008203,18319974,ShepBot,2008-07-06T22:34:20Z,C,NotSoGood
1726,Google,606928734,18319975,Jj98,2014-05-03T18:35:14Z,C,NotSoGood
1727,Google,224008215,18319975,ShepBot,2008-07-06T22:34:23Z,C,NotSoGood
1728,Graphical user interface,768876641,18319977,Johnsoniensis,2017-03-06T08:42:25Z,C,NotSoGood
1729,Graphical user interface,224008235,18319977,ShepBot,2008-07-06T22:34:27Z,C,NotSoGood
1730,Graphics processing unit,769055005,18319978,Johnsoniensis,2017-03-07T09:08:30Z,C,NotSoGood
1731,Graphics processing unit,224008244,18319978,ShepBot,2008-07-06T22:34:30Z,C,NotSoGood
1732,History of video games,769145577,374160,Johnsoniensis,2017-03-07T20:49:48Z,C,NotSoGood
1733,History of video games,224008258,374160,ShepBot,2008-07-06T22:34:33Z,C,NotSoGood
1734,History of video games,16232775,374160,Davidzuccaro,2003-11-21T06:08:22Z,C,NotSoGood
1735,IBM PC compatible,769404946,18319980,Johnsoniensis,2017-03-09T09:27:20Z,C,NotSoGood
1736,IBM PC compatible,357011007,18319980,Ludde23,2010-04-19T16:03:31Z,C,NotSoGood
1737,IBM PC compatible,356961306,18319980,84.137.48.3,2010-04-19T11:02:14Z,C,NotSoGood
1738,IBM PC compatible,356961244,18319980,84.137.48.3,2010-04-19T11:01:40Z,C,NotSoGood
1739,IBM PC compatible,224008276,18319980,ShepBot,2008-07-06T22:34:37Z,C,NotSoGood
1740,IBM System/360,769634941,18319981,Johnsoniensis,2017-03-10T19:14:31Z,C,NotSoGood
1741,IBM System/360,224008290,18319981,ShepBot,2008-07-06T22:34:40Z,C,NotSoGood
1742,IOS,769642008,18319982,Johnsoniensis,2017-03-10T20:00:09Z,C,NotSoGood
1743,IOS,224008295,18319982,ShepBot,2008-07-06T22:34:43Z,C,NotSoGood
1744,IPv4,769642085,18319983,Johnsoniensis,2017-03-10T20:00:42Z,C,NotSoGood
1745,IPv4,224008303,18319983,ShepBot,2008-07-06T22:34:46Z,C,NotSoGood
1746,Information technology,769642162,18319985,Johnsoniensis,2017-03-10T20:01:16Z,C,NotSoGood
1747,Information technology,224008322,18319985,ShepBot,2008-07-06T22:34:50Z,C,NotSoGood
1748,Internet,769731594,18319987,Johnsoniensis,2017-03-11T09:09:56Z,C,NotSoGood
1749,Internet,224008335,18319987,ShepBot,2008-07-06T22:34:53Z,C,NotSoGood
1750,Internet Protocol,769911951,18319991,Johnsoniensis,2017-03-12T09:43:03Z,C,NotSoGood
1751,Internet Protocol,224008345,18319991,ShepBot,2008-07-06T22:34:56Z,C,NotSoGood
1752,Laptop,769956249,18319992,Johnsoniensis,2017-03-12T16:19:34Z,C,NotSoGood
1753,Laptop,224008358,18319992,ShepBot,2008-07-06T22:34:59Z,C,NotSoGood
1754,Mainframe computer,770075802,18319994,Johnsoniensis,2017-03-13T08:51:45Z,C,NotSoGood
1755,Mainframe computer,224008366,18319994,ShepBot,2008-07-06T22:35:02Z,C,NotSoGood
1756,Microprocessor,770252457,18319996,Johnsoniensis,2017-03-14T09:49:30Z,C,NotSoGood
1757,Microprocessor,232540788,18319996,Martarius,2008-08-17T19:37:00Z,C,NotSoGood
1758,Microprocessor,224008382,18319996,ShepBot,2008-07-06T22:35:07Z,C,NotSoGood
1759,Network administrator,770422494,18319998,Johnsoniensis,2017-03-15T09:36:37Z,C,NotSoGood
1760,Network administrator,224008395,18319998,ShepBot,2008-07-06T22:35:10Z,C,NotSoGood
1761,Network interface controller,770451664,18319999,Johnsoniensis,2017-03-15T14:28:32Z,C,NotSoGood
1762,Network interface controller,224008413,18319999,ShepBot,2008-07-06T22:35:14Z,C,NotSoGood
1763,OSI model,770588226,18320001,Johnsoniensis,2017-03-16T10:39:08Z,C,NotSoGood
1764,OSI model,224008421,18320001,ShepBot,2008-07-06T22:35:17Z,C,NotSoGood
1765,Outline of computers,846425892,16676757,Irn,2018-06-18T18:16:08Z,C,NotSoGood
1766,Outline of computers,846408132,16676757,LordYanelazulu,2018-06-18T15:51:46Z,C,NotSoGood
1767,Outline of computers,770616324,16676757,Johnsoniensis,2017-03-16T14:50:10Z,C,NotSoGood
1768,Outline of computers,224008430,16676757,ShepBot,2008-07-06T22:35:20Z,C,NotSoGood
1769,Outline of computers,202073520,16676757,Ludde23,2008-03-30T16:09:08Z,C,NotSoGood
1770,Outline of computers,202070842,16676757,88.238.2.82,2008-03-30T15:55:27Z,C,NotSoGood
1771,Outline of computing,770756516,18320003,Johnsoniensis,2017-03-17T11:33:08Z,C,NotSoGood
1772,Outline of computing,224008440,18320003,ShepBot,2008-07-06T22:35:23Z,C,NotSoGood
1773,Personal computer,770834710,11193319,Johnsoniensis,2017-03-17T21:35:55Z,C,NotSoGood
1774,Personal computer,439244087,11193319,SineBot,2011-07-13T10:57:43Z,C,NotSoGood
1775,Personal computer,439243976,11193319,Silberfuchs,2011-07-13T10:56:36Z,C,NotSoGood
1776,Personal computer,224008453,11193319,ShepBot,2008-07-06T22:35:26Z,C,NotSoGood
1777,Personal computer,130453264,11193319,Velocicaptor,2007-05-13T02:30:34Z,C,NotSoGood
1778,Personal computer,130381183,11193319,Velocicaptor,2007-05-12T19:25:24Z,C,NotSoGood
1779,Programmer,770898423,18320004,Johnsoniensis,2017-03-18T08:34:01Z,C,NotSoGood
1780,Programmer,224008467,18320004,ShepBot,2008-07-06T22:35:30Z,C,NotSoGood
1781,Real-time computing,774077513,18320005,Johnsoniensis,2017-04-06T04:14:27Z,C,NotSoGood
1782,Real-time computing,340318176,18320005,Ludde23,2010-01-27T11:58:24Z,C,NotSoGood
1783,Real-time computing,340277827,18320005,113.166.146.170,2010-01-27T04:27:50Z,C,NotSoGood
1784,Real-time computing,224008475,18320005,ShepBot,2008-07-06T22:35:33Z,C,NotSoGood
1785,Router (computing),803627124,18320006,Johnsoniensis,2017-10-03T17:35:24Z,C,NotSoGood
1786,Router (computing),695220874,18320006,SineBot,2015-12-14T16:11:10Z,C,NotSoGood
1787,Router (computing),695220734,18320006,12.157.21.218,2015-12-14T16:10:07Z,C,NotSoGood
1788,Router (computing),232552000,18320006,Martarius,2008-08-17T20:46:17Z,C,NotSoGood
1789,Router (computing),224008488,18320006,ShepBot,2008-07-06T22:35:36Z,C,NotSoGood
1790,Routing,803633771,18320009,Johnsoniensis,2017-10-03T18:21:02Z,C,NotSoGood
1791,Routing,224008505,18320009,ShepBot,2008-07-06T22:35:39Z,C,NotSoGood
1792,SIGAI,803741851,18320010,Johnsoniensis,2017-10-04T10:03:32Z,C,NotSoGood
1793,SIGAI,791905218,18320010,NoToleranceForIntolerance,2017-07-23T05:43:00Z,C,NotSoGood
1794,SIGAI,224008520,18320010,ShepBot,2008-07-06T22:35:42Z,C,NotSoGood
1795,Smartphone,803804457,18320011,Johnsoniensis,2017-10-04T19:02:41Z,C,NotSoGood
1796,Smartphone,224008532,18320011,ShepBot,2008-07-06T22:35:45Z,C,NotSoGood
1797,Software,804239959,18320012,Johnsoniensis,2017-10-07T17:51:43Z,C,NotSoGood
1798,Software,224008544,18320012,ShepBot,2008-07-06T22:35:48Z,C,NotSoGood
1799,Software industry,804252804,18320013,Johnsoniensis,2017-10-07T19:37:18Z,C,NotSoGood
1800,Software industry,224008550,18320013,ShepBot,2008-07-06T22:35:51Z,C,NotSoGood
1801,System administrator,804336023,18320014,Johnsoniensis,2017-10-08T09:15:10Z,C,NotSoGood
1802,System administrator,591751301,18320014,Qwed117,2014-01-21T18:52:39Z,C,NotSoGood
1803,System administrator,591751213,18320014,Qwed117,2014-01-21T18:51:58Z,C,NotSoGood
1804,System administrator,576705990,18320014,SineBot,2013-10-11T11:07:07Z,C,NotSoGood
1805,System administrator,576705875,18320014,197.37.26.54,2013-10-11T11:05:38Z,C,NotSoGood
1806,System administrator,224008560,18320014,ShepBot,2008-07-06T22:35:54Z,C,NotSoGood
1807,Theory of computation,804399182,17831451,Johnsoniensis,2017-10-08T19:19:51Z,C,NotSoGood
1808,Theory of computation,224008569,17831451,ShepBot,2008-07-06T22:35:57Z,C,NotSoGood
1809,Theory of computation,217844908,17831451,189.0.28.4,2008-06-07T23:29:11Z,C,NotSoGood
1810,Tim Berners-Lee,804401203,18320016,Johnsoniensis,2017-10-08T19:37:23Z,C,NotSoGood
1811,Tim Berners-Lee,224008584,18320016,ShepBot,2008-07-06T22:36:00Z,C,NotSoGood
1812,User interface,804404397,2430443,Johnsoniensis,2017-10-08T20:04:22Z,C,NotSoGood
1813,User interface,232561245,2430443,Martarius,2008-08-17T21:44:25Z,C,NotSoGood
1814,User interface,224008594,2430443,ShepBot,2008-07-06T22:36:03Z,C,NotSoGood
1815,User interface,20783104,2430443,Golbez,2005-08-11T16:15:42Z,C,NotSoGood
1816,User interface,20782923,2430443,Golbez,2005-08-11T16:13:16Z,C,NotSoGood
1817,User interface,20782786,2430443,Zzyzx11,2005-08-11T16:11:26Z,C,NotSoGood
1818,User interface,20782785,2430443,Zzyzx11,2005-08-11T16:11:26Z,C,NotSoGood
1819,User interface,20781594,2430443,Willy on Wheels on Wheels on Wheels,2005-08-11T15:52:34Z,C,NotSoGood
1820,User interface,15995662,2430443,Ktsquare,2002-12-14T13:39:51Z,C,NotSoGood
1821,User interface,493439,2430443,Ktsquare,2002-12-14T13:39:17Z,C,NotSoGood
1822,User interface,493437,2430443,Ktsquare,2002-10-16T06:01:28Z,C,NotSoGood
1823,User interface,361865,2430443,Ktsquare,2002-10-16T05:58:08Z,C,NotSoGood
1824,User interface,361861,2430443,Ktsquare,2002-10-16T05:57:26Z,C,NotSoGood
1825,Website,804486762,18320017,Johnsoniensis,2017-10-09T09:42:09Z,C,NotSoGood
1826,Website,452045025,18320017,112.207.89.18,2011-09-23T16:12:06Z,C,NotSoGood
1827,Website,230210351,18320017,FerrousTigrus,2008-08-06T15:20:46Z,C,NotSoGood
1828,Website,224008604,18320017,ShepBot,2008-07-06T22:36:06Z,C,NotSoGood
1829,World Wide Web,804510859,10165143,Johnsoniensis,2017-10-09T14:10:33Z,C,NotSoGood
1830,World Wide Web,224008627,10165143,ShepBot,2008-07-06T22:36:12Z,C,NotSoGood
1831,World Wide Web,121907152,10165143,Forweg1,2007-04-11T10:18:33Z,C,NotSoGood
1832,World Wide Web,116591044,10165143,FisherQueen,2007-03-20T19:08:20Z,C,NotSoGood
1833,World Wide Web,116590590,10165143,Zliljoemz,2007-03-20T19:06:17Z,C,NotSoGood
1834,2016 Dyn cyberattack,804522609,18320021,Johnsoniensis,2017-10-09T15:43:44Z,C,NotSoGood
1835,2016 Dyn cyberattack,224008634,18320021,ShepBot,2008-07-06T22:36:15Z,C,NotSoGood
1836,3dfx Interactive,804544026,18320022,Johnsoniensis,2017-10-09T18:10:19Z,C,NotSoGood
1837,3dfx Interactive,224008646,18320022,ShepBot,2008-07-06T22:36:18Z,C,NotSoGood
1838,64-bit computing,804547784,18320025,Johnsoniensis,2017-10-09T18:36:58Z,C,NotSoGood
1839,64-bit computing,224008667,18320025,ShepBot,2008-07-06T22:36:21Z,C,NotSoGood
1840,ARM big.LITTLE,804848301,18320026,Johnsoniensis,2017-10-11T14:19:55Z,C,NotSoGood
1841,ARM big.LITTLE,224008674,18320026,ShepBot,2008-07-06T22:36:24Z,C,NotSoGood
1842,ARPANET,804853813,18320027,Johnsoniensis,2017-10-11T15:04:23Z,C,NotSoGood
1843,ARPANET,224008685,18320027,ShepBot,2008-07-06T22:36:27Z,C,NotSoGood
1844,ASCII,804374790,18320028,Johnsoniensis,2017-10-08T16:00:33Z,C,NotSoGood
1845,ASCII,224008697,18320028,ShepBot,2008-07-06T22:36:30Z,C,NotSoGood
1846,Aakash (tablet),805156745,10380802,Johnsoniensis,2017-10-13T12:59:40Z,C,NotSoGood
1847,Aakash (tablet),224008711,10380802,ShepBot,2008-07-06T22:36:34Z,C,NotSoGood
1848,Aakash (tablet),137714548,10380802,Ludde23,2007-06-12T17:24:23Z,C,NotSoGood
1849,Aakash (tablet),137712946,10380802,192.88.212.44,2007-06-12T17:15:06Z,C,NotSoGood
1850,Aakash (tablet),119223757,10380802,Ludde23,2007-03-31T07:22:38Z,C,NotSoGood
1851,Aakash (tablet),119164322,10380802,41.205.104.18,2007-03-31T00:12:20Z,C,NotSoGood
1852,Ada (programming language),805180504,14946630,Johnsoniensis,2017-10-13T16:18:49Z,C,NotSoGood
1853,Ada (programming language),224008718,14946630,ShepBot,2008-07-06T22:36:37Z,C,NotSoGood
1854,Ada (programming language),180955499,14946630,Kintetsubuffalo,2007-12-30T09:09:13Z,C,NotSoGood
1855,Adobe Acrobat,805196472,18320032,Johnsoniensis,2017-10-13T18:29:24Z,C,NotSoGood
1856,Adobe Acrobat,224008739,18320032,ShepBot,2008-07-06T22:36:42Z,C,NotSoGood
1857,Adobe Photoshop,805204645,18320033,Johnsoniensis,2017-10-13T19:38:40Z,C,NotSoGood
1858,Adobe Photoshop,224008752,18320033,ShepBot,2008-07-06T22:36:45Z,C,NotSoGood
1859,Adoption (software implementation),805284026,18320034,Johnsoniensis,2017-10-14T09:36:49Z,C,NotSoGood
1860,Adoption (software implementation),224008760,18320034,ShepBot,2008-07-06T22:36:48Z,C,NotSoGood
1861,Amiga,805329492,18320036,Johnsoniensis,2017-10-14T17:12:56Z,C,NotSoGood
1862,Amiga,224008776,18320036,ShepBot,2008-07-06T22:36:52Z,C,NotSoGood
1863,Amstrad CPC,805336689,18320037,Johnsoniensis,2017-10-14T18:15:55Z,C,NotSoGood
1864,Amstrad CPC,224008789,18320037,ShepBot,2008-07-06T22:36:55Z,C,NotSoGood
1865,Andrew Grove,805346825,18320039,Johnsoniensis,2017-10-14T19:34:00Z,C,NotSoGood
1866,Andrew Grove,224008802,18320039,ShepBot,2008-07-06T22:36:58Z,C,NotSoGood
1867,Android Oreo,805424731,18320040,Johnsoniensis,2017-10-15T08:57:38Z,C,NotSoGood
1868,Android Oreo,224008814,18320040,ShepBot,2008-07-06T22:37:01Z,C,NotSoGood
1869,Animation,805471819,18320041,Johnsoniensis,2017-10-15T16:45:15Z,C,NotSoGood
1870,Animation,224008826,18320041,ShepBot,2008-07-06T22:37:04Z,C,NotSoGood
1871,Apache Cassandra,805475604,18320042,Johnsoniensis,2017-10-15T17:15:28Z,C,NotSoGood
1872,Apache Cassandra,224008837,18320042,ShepBot,2008-07-06T22:37:07Z,C,NotSoGood
1873,Apple Desktop Bus,805478975,18320044,Johnsoniensis,2017-10-15T17:42:01Z,C,NotSoGood
1874,Apple Desktop Bus,224008853,18320044,ShepBot,2008-07-06T22:37:10Z,C,NotSoGood
1875,Apple II,805488998,18320046,Johnsoniensis,2017-10-15T18:59:49Z,C,NotSoGood
1876,Apple II,224008862,18320046,ShepBot,2008-07-06T22:37:13Z,C,NotSoGood
1877,Apple II series,805494286,18320047,Johnsoniensis,2017-10-15T19:36:59Z,C,NotSoGood
1878,Apple II series,224008872,18320047,ShepBot,2008-07-06T22:37:16Z,C,NotSoGood
1879,Arithmetic logic unit,805585652,18320049,Johnsoniensis,2017-10-16T10:16:18Z,C,NotSoGood
1880,Arithmetic logic unit,224008887,18320049,ShepBot,2008-07-06T22:37:20Z,C,NotSoGood
1881,Arjun Malhotra (entrepreneur),805906466,18320050,Johnsoniensis,2017-10-18T11:32:16Z,C,NotSoGood
1882,Arjun Malhotra (entrepreneur),224008898,18320050,ShepBot,2008-07-06T22:37:23Z,C,NotSoGood
1883,Artificial neural network,805928723,18320051,Johnsoniensis,2017-10-18T15:03:17Z,C,NotSoGood
1884,Artificial neural network,224008914,18320051,ShepBot,2008-07-06T22:37:26Z,C,NotSoGood
1885,Association for Computing Machinery,805933272,18320053,Johnsoniensis,2017-10-18T15:39:28Z,C,NotSoGood
1886,Association for Computing Machinery,224008931,18320053,ShepBot,2008-07-06T22:37:29Z,C,NotSoGood
1887,Asymmetric multiprocessing,805936270,18320054,Johnsoniensis,2017-10-18T16:02:33Z,C,NotSoGood
1888,Asymmetric multiprocessing,224008941,18320054,ShepBot,2008-07-06T22:37:32Z,C,NotSoGood
1889,Asynchronous circuit,805959244,15406997,Johnsoniensis,2017-10-18T18:52:37Z,C,NotSoGood
1890,Asynchronous circuit,224008950,15406997,ShepBot,2008-07-06T22:37:35Z,C,NotSoGood
1891,Asynchronous circuit,186730476,15406997,SineBot,2008-01-25T02:23:40Z,C,NotSoGood
1892,Asynchronous circuit,186730151,15406997,98.193.117.226,2008-01-25T02:21:45Z,C,NotSoGood
1893,Atanasoff–Berry computer,854496204,8785659,Johnsoniensis,2018-08-11T19:45:08Z,C,NotSoGood
1894,Atanasoff–Berry computer,224008965,8785659,ShepBot,2008-07-06T22:37:39Z,C,NotSoGood
1895,Atanasoff–Berry computer,98886519,8785659,Ludde23,2007-01-06T15:30:16Z,C,NotSoGood
1896,Atanasoff–Berry computer,98886419,8785659,Ludde23,2007-01-06T15:29:42Z,C,NotSoGood
1897,Atanasoff–Berry computer,98852869,8785659,58.165.209.127,2007-01-06T11:21:57Z,C,NotSoGood
1898,Atari ST,224008978,18320060,ShepBot,2008-07-06T22:37:42Z,C,NotSoGood
1899,Avatar (computing),224008989,18320061,ShepBot,2008-07-06T22:37:45Z,C,NotSoGood
1900,BASIC,224009002,18320062,ShepBot,2008-07-06T22:37:50Z,C,NotSoGood
1901,BIOS,224009014,18320063,ShepBot,2008-07-06T22:37:53Z,C,NotSoGood
1902,BMP file format,802978377,18320065,Johnsoniensis,2017-09-29T18:05:57Z,C,NotSoGood
1903,BMP file format,224009027,18320065,ShepBot,2008-07-06T22:37:56Z,C,NotSoGood
1904,Bell Labs,803076504,11665553,Johnsoniensis,2017-09-30T08:53:56Z,C,NotSoGood
1905,Bell Labs,224009044,11665553,ShepBot,2008-07-06T22:38:01Z,C,NotSoGood
1906,Bell Labs,136932438,11665553,Gadfium,2007-06-08T23:12:15Z,C,NotSoGood
1907,Bell Labs,136847732,11665553,130.76.96.16,2007-06-08T15:34:11Z,C,NotSoGood
1908,Berkeley Open Infrastructure for Network Computing,803090984,18320069,Johnsoniensis,2017-09-30T11:29:32Z,C,NotSoGood
1909,Berkeley Open Infrastructure for Network Computing,224009058,18320069,ShepBot,2008-07-06T22:38:04Z,C,NotSoGood
1910,Blended learning,803236929,17526140,Johnsoniensis,2017-10-01T09:11:54Z,C,NotSoGood
1911,Blended learning,224009072,17526140,ShepBot,2008-07-06T22:38:08Z,C,NotSoGood
1912,Blended learning,213784472,17526140,Ludde23,2008-05-20T20:35:23Z,C,NotSoGood
1913,Blended learning,213738750,17526140,Thammer302,2008-05-20T17:13:58Z,C,NotSoGood
1914,Bloomfield (microprocessor),803273497,18320074,Johnsoniensis,2017-10-01T14:52:44Z,C,NotSoGood
1915,Bloomfield (microprocessor),224009087,18320074,ShepBot,2008-07-06T22:38:11Z,C,NotSoGood
1916,Bonjour (software),803319720,18320075,Johnsoniensis,2017-10-01T19:53:54Z,C,NotSoGood
1917,Bonjour (software),224009102,18320075,ShepBot,2008-07-06T22:38:15Z,C,NotSoGood
1918,Booting,803398632,18320078,Johnsoniensis,2017-10-02T08:46:54Z,C,NotSoGood
1919,Booting,224009114,18320078,ShepBot,2008-07-06T22:38:18Z,C,NotSoGood
1920,Brute-force attack,803418267,18320079,Johnsoniensis,2017-10-02T12:22:28Z,C,NotSoGood
1921,Brute-force attack,224009126,18320079,ShepBot,2008-07-06T22:38:21Z,C,NotSoGood
1922,Burroughs large systems,803423050,3424087,Johnsoniensis,2017-10-02T13:02:32Z,C,NotSoGood
1923,Burroughs large systems,224009136,3424087,ShepBot,2008-07-06T22:38:25Z,C,NotSoGood
1924,Burroughs large systems,162170450,3424087,MZMcBride,2007-10-04T03:47:39Z,C,NotSoGood
1925,Burroughs large systems,31538611,3424087,Oleg Alexandrov,2005-12-15T23:43:42Z,C,NotSoGood
1926,Burroughs large systems,31538488,3424087,Oleg Alexandrov,2005-12-15T23:42:45Z,C,NotSoGood
1927,Burroughs large systems,31538340,3424087,Oleg Alexandrov,2005-12-15T23:41:34Z,C,NotSoGood
1928,Burroughs large systems,31485191,3424087,Numerao,2005-12-15T16:49:09Z,C,NotSoGood
1929,Burroughs large systems,31413548,3424087,Pielover87,2005-12-15T02:14:39Z,C,NotSoGood
1930,CUPS,803577057,18320081,Johnsoniensis,2017-10-03T09:56:14Z,C,NotSoGood
1931,CUPS,224009158,18320081,ShepBot,2008-07-06T22:38:29Z,C,NotSoGood
1932,C (programming language),803596747,18320082,Johnsoniensis,2017-10-03T13:20:10Z,C,NotSoGood
1933,C (programming language),224009169,18320082,ShepBot,2008-07-06T22:38:33Z,C,NotSoGood
1934,Celeron,803609551,17158950,Johnsoniensis,2017-10-03T15:18:12Z,C,NotSoGood
1935,Celeron,224009179,17158950,ShepBot,2008-07-06T22:38:36Z,C,NotSoGood
1936,Celeron,208755470,17158950,Ludde23,2008-04-28T14:22:31Z,C,NotSoGood
1937,Celeron,208738243,17158950,82.47.202.206,2008-04-28T12:29:12Z,C,NotSoGood
1938,Central processing unit,803620872,18320086,Johnsoniensis,2017-10-03T16:49:10Z,C,NotSoGood
1939,Central processing unit,706582887,18320086,2602:306:3357:BA0:D535:E2BB:57E4:837D,2016-02-24T03:21:33Z,C,NotSoGood
1940,Central processing unit,706582875,18320086,180.183.130.20,2016-02-24T03:21:25Z,C,NotSoGood
1941,Central processing unit,224009185,18320086,ShepBot,2008-07-06T22:38:39Z,C,NotSoGood
1942,Centrino,803756048,18320088,Johnsoniensis,2017-10-04T12:32:19Z,C,NotSoGood
1943,Centrino,224009197,18320088,ShepBot,2008-07-06T22:38:42Z,C,NotSoGood
1944,Character encoding,803780391,18320090,Johnsoniensis,2017-10-04T16:02:24Z,C,NotSoGood
1945,Character encoding,224009209,18320090,ShepBot,2008-07-06T22:38:46Z,C,NotSoGood
1946,Cheetah Mobile,803890162,18320091,Johnsoniensis,2017-10-05T09:26:52Z,C,NotSoGood
1947,Cheetah Mobile,224009226,18320091,ShepBot,2008-07-06T22:38:50Z,C,NotSoGood
1948,Client–server model,803913500,18320093,Johnsoniensis,2017-10-05T13:40:58Z,C,NotSoGood
1949,Client–server model,224009239,18320093,ShepBot,2008-07-06T22:38:53Z,C,NotSoGood
1950,Code,803917304,18320095,Johnsoniensis,2017-10-05T14:14:19Z,C,NotSoGood
1951,Code,224009256,18320095,ShepBot,2008-07-06T22:38:58Z,C,NotSoGood
1952,Code injection,803922456,18320096,Johnsoniensis,2017-10-05T14:56:02Z,C,NotSoGood
1953,Code injection,224009268,18320096,ShepBot,2008-07-06T22:39:01Z,C,NotSoGood
1954,Code page,803933814,18320097,Johnsoniensis,2017-10-05T16:17:31Z,C,NotSoGood
1955,Code page,224009279,18320097,ShepBot,2008-07-06T22:39:05Z,C,NotSoGood
1956,Commodore VIC-20,804040027,18320098,Johnsoniensis,2017-10-06T09:46:45Z,C,NotSoGood
1957,Commodore VIC-20,224009286,18320098,ShepBot,2008-07-06T22:39:08Z,C,NotSoGood
1958,Common Desktop Environment,804049744,18320100,Johnsoniensis,2017-10-06T11:39:22Z,C,NotSoGood
1959,Common Desktop Environment,224009299,18320100,ShepBot,2008-07-06T22:39:12Z,C,NotSoGood
1960,Common Vulnerability Scoring System,804068174,18320102,Johnsoniensis,2017-10-06T14:40:21Z,C,NotSoGood
1961,Common Vulnerability Scoring System,224009311,18320102,ShepBot,2008-07-06T22:39:17Z,C,NotSoGood
1962,Communication protocol,804073377,18320103,Johnsoniensis,2017-10-06T15:21:29Z,C,NotSoGood
1963,Communication protocol,224009320,18320103,ShepBot,2008-07-06T22:39:20Z,C,NotSoGood
1964,Comptometer,804110767,6898492,Johnsoniensis,2017-10-06T20:22:49Z,C,NotSoGood
1965,Comptometer,224009326,6898492,ShepBot,2008-07-06T22:39:23Z,C,NotSoGood
1966,Comptometer,74558696,6898492,Ludde23,2006-09-08T17:37:55Z,C,NotSoGood
1967,Comptometer,74518352,6898492,RealFerrari,2006-09-08T13:07:17Z,C,NotSoGood
1968,Computer Usage Company,804182430,18320105,Johnsoniensis,2017-10-07T08:59:05Z,C,NotSoGood
1969,Computer Usage Company,224009340,18320105,ShepBot,2008-07-06T22:39:26Z,C,NotSoGood
1970,Computer data storage,804191464,18320107,Johnsoniensis,2017-10-07T11:00:31Z,C,NotSoGood
1971,Computer data storage,224009347,18320107,ShepBot,2008-07-06T22:39:29Z,C,NotSoGood
1972,Computer file,804194102,18320108,Johnsoniensis,2017-10-07T11:32:08Z,C,NotSoGood
1973,Computer file,224009360,18320108,ShepBot,2008-07-06T22:39:32Z,C,NotSoGood
1974,Computer hardware,804222764,18320109,Johnsoniensis,2017-10-07T15:39:32Z,C,NotSoGood
1975,Computer hardware,224009374,18320109,ShepBot,2008-07-06T22:39:36Z,C,NotSoGood
1976,Computer multitasking,804227559,18320111,Johnsoniensis,2017-10-07T16:11:43Z,C,NotSoGood
1977,Computer multitasking,224009382,18320111,ShepBot,2008-07-06T22:39:39Z,C,NotSoGood
1978,Computer network,804233907,18320113,Johnsoniensis,2017-10-07T17:03:09Z,C,NotSoGood
1979,Computer network,224009398,18320113,ShepBot,2008-07-06T22:39:42Z,C,NotSoGood
1980,Computer recycling,804526968,18320114,Johnsoniensis,2017-10-09T16:15:10Z,C,NotSoGood
1981,Computer recycling,224009410,18320114,ShepBot,2008-07-06T22:39:46Z,C,NotSoGood
1982,Concurrent computing,804555152,18320116,Johnsoniensis,2017-10-09T19:29:52Z,C,NotSoGood
1983,Concurrent computing,224009419,18320116,ShepBot,2008-07-06T22:39:49Z,C,NotSoGood
1984,Constant (computer programming),804647120,18320117,Johnsoniensis,2017-10-10T08:47:11Z,C,NotSoGood
1985,Constant (computer programming),224009426,18320117,ShepBot,2008-07-06T22:39:52Z,C,NotSoGood
1986,Content Security Policy,804660244,18320119,Johnsoniensis,2017-10-10T11:04:05Z,C,NotSoGood
1987,Content Security Policy,224009440,18320119,ShepBot,2008-07-06T22:39:55Z,C,NotSoGood
1988,Copy protection,804663268,18320120,Johnsoniensis,2017-10-10T11:38:06Z,C,NotSoGood
1989,Copy protection,224009450,18320120,ShepBot,2008-07-06T22:39:59Z,C,NotSoGood
1990,Country code top-level domain,804692841,18320121,Johnsoniensis,2017-10-10T15:25:40Z,C,NotSoGood
1991,Country code top-level domain,224009462,18320121,ShepBot,2008-07-06T22:40:02Z,C,NotSoGood
1992,Cray X-MP,804698006,18320122,Johnsoniensis,2017-10-10T16:01:26Z,C,NotSoGood
1993,Cray X-MP,224009479,18320122,ShepBot,2008-07-06T22:40:05Z,C,NotSoGood
1994,Cyber security standards,804702311,18320123,Johnsoniensis,2017-10-10T16:30:56Z,C,NotSoGood
1995,Cyber security standards,224009494,18320123,ShepBot,2008-07-06T22:40:09Z,C,NotSoGood
1996,Cyberattack,804705866,18320124,Johnsoniensis,2017-10-10T16:58:19Z,C,NotSoGood
1997,Cyberattack,224009504,18320124,ShepBot,2008-07-06T22:40:13Z,C,NotSoGood
1998,Cybercrime,804716303,344356,Johnsoniensis,2017-10-10T18:15:22Z,C,NotSoGood
1999,Cybercrime,224009511,344356,ShepBot,2008-07-06T22:40:15Z,C,NotSoGood
2000,Cybercrime,196838798,344356,SineBot,2008-03-08T19:59:27Z,C,NotSoGood
2001,Cybercrime,196838497,344356,Odin of Trondheim,2008-03-08T19:58:04Z,C,NotSoGood
2002,Cybercrime,56504868,344356,Ahoerstemeier,2006-06-02T15:04:39Z,C,NotSoGood
2003,Cybercrime,56488959,344356,82.205.186.135,2006-06-02T13:00:58Z,C,NotSoGood
2004,Cybercrime,16208337,344356,Henskridonier,2003-10-19T00:25:15Z,C,NotSoGood
2005,DECstation,804720557,18320125,Johnsoniensis,2017-10-10T18:45:30Z,C,NotSoGood
2006,DECstation,224009520,18320125,ShepBot,2008-07-06T22:40:19Z,C,NotSoGood
2007,DNS root zone,804728226,18320126,Johnsoniensis,2017-10-10T19:43:46Z,C,NotSoGood
2008,DNS root zone,224009533,18320126,ShepBot,2008-07-06T22:40:22Z,C,NotSoGood
2009,DTrace,804810575,17544023,Johnsoniensis,2017-10-11T08:50:23Z,C,NotSoGood
2010,DTrace,224009547,17544023,ShepBot,2008-07-06T22:40:25Z,C,NotSoGood
2011,DTrace,213986955,17544023,Ludde23,2008-05-21T17:25:20Z,C,NotSoGood
2012,DTrace,213964768,17544023,216.135.96.10,2008-05-21T15:33:22Z,C,NotSoGood
2013,Data,804984427,18320128,Johnsoniensis,2017-10-12T09:46:44Z,C,NotSoGood
2014,Data,224009572,18320128,ShepBot,2008-07-06T22:40:30Z,C,NotSoGood
2015,Data analysis,805009605,18320130,Johnsoniensis,2017-10-12T13:55:37Z,C,NotSoGood
2016,Data analysis,224009587,18320130,ShepBot,2008-07-06T22:40:33Z,C,NotSoGood
2017,Data deduplication,805031934,18320133,Johnsoniensis,2017-10-12T16:46:54Z,C,NotSoGood
2018,Data deduplication,728989534,18320133,Romeabout,2016-07-09T01:53:50Z,C,NotSoGood
2019,Data deduplication,728989266,18320133,Romeabout,2016-07-09T01:51:22Z,C,NotSoGood
2020,Data deduplication,566402845,18320133,41.79.65.83,2013-07-30T09:59:33Z,C,NotSoGood
2021,Data deduplication,557163761,18320133,Romeabout,2013-05-28T12:47:07Z,C,NotSoGood
2022,Data deduplication,224009608,18320133,ShepBot,2008-07-06T22:40:36Z,C,NotSoGood
2023,Database,805597490,18320137,Johnsoniensis,2017-10-16T12:30:03Z,C,NotSoGood
2024,Database,224009624,18320137,ShepBot,2008-07-06T22:40:41Z,C,NotSoGood
2025,Decimal floating point,805622391,18320138,Johnsoniensis,2017-10-16T15:55:44Z,C,NotSoGood
2026,Decimal floating point,224009644,18320138,ShepBot,2008-07-06T22:40:45Z,C,NotSoGood
2027,Digital imaging,805626468,18320139,Johnsoniensis,2017-10-16T16:26:08Z,C,NotSoGood
2028,Digital imaging,224009658,18320139,ShepBot,2008-07-06T22:40:48Z,C,NotSoGood
2029,Digital library,805632574,18320141,Johnsoniensis,2017-10-16T17:12:27Z,C,NotSoGood
2030,Digital library,224009671,18320141,ShepBot,2008-07-06T22:40:51Z,C,NotSoGood
2031,Digital literacy,805643310,18320142,Johnsoniensis,2017-10-16T18:34:54Z,C,NotSoGood
2032,Digital literacy,224009685,18320142,ShepBot,2008-07-06T22:40:54Z,C,NotSoGood
2033,Digital media,805646688,668740,Johnsoniensis,2017-10-16T18:59:19Z,C,NotSoGood
2034,Digital media,224009692,668740,ShepBot,2008-07-06T22:40:57Z,C,NotSoGood
2035,Digital media,16488420,668740,Manuel Anast√°cio,2004-05-21T01:14:16Z,C,NotSoGood
2036,Digital media,3666738,668740,Manuel Anast√°cio,2004-05-21T00:37:46Z,C,NotSoGood
2037,Digital media,3666298,668740,Manuel Anast√°cio,2004-05-21T00:07:32Z,C,NotSoGood
2038,Digital signal,805651262,4475184,Johnsoniensis,2017-10-16T19:34:33Z,C,NotSoGood
2039,Digital signal,359401699,4475184,WildBot,2010-05-01T07:29:34Z,C,NotSoGood
2040,Digital signal,359401582,4475184,WildBot,2010-05-01T07:28:03Z,C,NotSoGood
2041,Digital signal,355147495,4475184,WildBot,2010-04-10T14:54:30Z,C,NotSoGood
2042,Digital signal,351619776,4475184,WildBot,2010-03-23T19:36:01Z,C,NotSoGood
2043,Digital signal,351556558,4475184,WildBot,2010-03-23T13:11:34Z,C,NotSoGood
2044,Digital signal,351368165,4475184,FrescoBot,2010-03-22T14:58:13Z,C,NotSoGood
2045,Digital signal,224009703,4475184,ShepBot,2008-07-06T22:41:00Z,C,NotSoGood
2046,Digital signal,155681917,4475184,Peter Knutsen,2007-09-04T19:07:41Z,C,NotSoGood
2047,Digital signal,141086135,4475184,BetacommandBot,2007-06-28T02:00:36Z,C,NotSoGood
2048,Digital signal,136621739,4475184,Teo64x,2007-06-07T16:10:32Z,C,NotSoGood
2049,Digital signal,136621666,4475184,64.251.48.170,2007-06-07T16:10:08Z,C,NotSoGood
2050,Digital signal,131617453,4475184,Ludde23,2007-05-17T20:14:02Z,C,NotSoGood
2051,Digital signal,131591261,4475184,167.93.8.250,2007-05-17T18:23:38Z,C,NotSoGood
2052,Digital signal,131591123,4475184,167.93.8.250,2007-05-17T18:23:00Z,C,NotSoGood
2053,Digital signal,131590919,4475184,167.93.8.250,2007-05-17T18:22:04Z,C,NotSoGood
2054,Digital signal,126822657,4475184,58.108.26.59,2007-04-29T09:39:36Z,C,NotSoGood
2055,Digital signal,120352005,4475184,Ryan4314,2007-04-04T22:54:18Z,C,NotSoGood
2056,Digital signal,120340718,4475184,Ryan4314,2007-04-04T22:07:00Z,C,NotSoGood
2057,Digital signal,120273496,4475184,Cuchullain,2007-04-04T17:15:19Z,C,NotSoGood
2058,Digital signal,120205231,4475184,58.108.26.59,2007-04-04T11:20:32Z,C,NotSoGood
2059,Digital signal,119785748,4475184,Cuchullain,2007-04-02T19:23:19Z,C,NotSoGood
2060,Digital signal,119696980,4475184,86.146.163.114,2007-04-02T11:33:02Z,C,NotSoGood
2061,Digital signal,117578483,4475184,Cuchullain,2007-03-24T19:27:10Z,C,NotSoGood
2062,Digital signal,117475116,4475184,Jvsett,2007-03-24T07:14:55Z,C,NotSoGood
2063,Digital signal,117474798,4475184,Jvsett,2007-03-24T07:11:33Z,C,NotSoGood
2064,Digital signal,117335519,4475184,Ludde23,2007-03-23T18:16:27Z,C,NotSoGood
2065,Digital signal,117306847,4475184,Jvsett,2007-03-23T16:04:27Z,C,NotSoGood
2066,Digital signal,117246717,4475184,Ludde23,2007-03-23T09:14:20Z,C,NotSoGood
2067,Digital signal,117151037,4475184,Jvsett,2007-03-22T23:03:53Z,C,NotSoGood
2068,Digital signal,117150818,4475184,Jvsett,2007-03-22T23:03:05Z,C,NotSoGood
2069,Digital signal,117128505,4475184,Cuchullain,2007-03-22T21:29:02Z,C,NotSoGood
2070,Digital signal,117105249,4475184,74.97.197.19,2007-03-22T19:51:25Z,C,NotSoGood
2071,Digital signal,114548077,4475184,89.165.59.24,2007-03-12T14:38:05Z,C,NotSoGood
2072,Digital signal,45180803,4475184,AriGold,2006-03-23T23:46:39Z,C,NotSoGood
2073,Digital signal,44930355,4475184,Guillu,2006-03-22T09:56:39Z,C,NotSoGood
2074,Dijkstra's algorithm,805735441,11217602,Johnsoniensis,2017-10-17T08:55:27Z,C,NotSoGood
2075,Dijkstra's algorithm,224009714,11217602,ShepBot,2008-07-06T22:41:03Z,C,NotSoGood
2076,Dijkstra's algorithm,191449567,11217602,Ludde23,2008-02-14T17:05:54Z,C,NotSoGood
2077,Dijkstra's algorithm,191422724,11217602,76.109.242.201,2008-02-14T14:36:32Z,C,NotSoGood
2078,Dijkstra's algorithm,130730433,11217602,Bertilvidet,2007-05-14T07:46:59Z,C,NotSoGood
2079,DivX,805751230,18320143,Johnsoniensis,2017-10-17T12:01:16Z,C,NotSoGood
2080,DivX,224009724,18320143,ShepBot,2008-07-06T22:41:06Z,C,NotSoGood
2081,Dual EC DRBG,805764218,11379384,Johnsoniensis,2017-10-17T13:57:49Z,C,NotSoGood
2082,Dual EC DRBG,481722810,11379384,Jimjamjak,2012-03-13T18:47:57Z,C,NotSoGood
2083,Dual EC DRBG,224009730,11379384,ShepBot,2008-07-06T22:41:09Z,C,NotSoGood
2084,Dual EC DRBG,132974719,11379384,Rektide,2007-05-23T17:34:17Z,C,NotSoGood
2085,Dynamic Host Configuration Protocol,805800467,18320146,Johnsoniensis,2017-10-17T18:35:31Z,C,NotSoGood
2086,Dynamic Host Configuration Protocol,224009742,18320146,ShepBot,2008-07-06T22:41:12Z,C,NotSoGood
2087,ECMAScript,805805716,16059343,Johnsoniensis,2017-10-17T19:12:53Z,C,NotSoGood
2088,ECMAScript,224009753,16059343,ShepBot,2008-07-06T22:41:15Z,C,NotSoGood
2089,ECMAScript,195417036,16059343,Ludde23,2008-03-02T22:26:18Z,C,NotSoGood
2090,ECMAScript,195406223,16059343,Mike Payne,2008-03-02T21:38:47Z,C,NotSoGood
2091,ECMAScript,195402750,16059343,Ludde23,2008-03-02T21:23:00Z,C,NotSoGood
2092,ECMAScript,195400972,16059343,Mike Payne,2008-03-02T21:14:33Z,C,NotSoGood
2093,Electronic Frontier Foundation,805894175,8095365,Johnsoniensis,2017-10-18T09:14:07Z,C,NotSoGood
2094,Electronic Frontier Foundation,224009762,8095365,ShepBot,2008-07-06T22:41:18Z,C,NotSoGood
2095,Electronic Frontier Foundation,89772485,8095365,156.145.152.188,2006-11-24T04:51:17Z,C,NotSoGood
2096,Email spam,805965089,18320147,Johnsoniensis,2017-10-18T19:40:05Z,C,NotSoGood
2097,Email spam,565133829,18320147,SineBot,2013-07-21T02:34:25Z,C,NotSoGood
2098,Email spam,565133754,18320147,58.165.63.45,2013-07-21T02:33:18Z,C,NotSoGood
2099,Email spam,224009775,18320147,ShepBot,2008-07-06T22:41:21Z,C,NotSoGood
2100,ExpressCard,805968527,18320148,Johnsoniensis,2017-10-18T20:07:19Z,C,NotSoGood
2101,ExpressCard,224009783,18320148,ShepBot,2008-07-06T22:41:24Z,C,NotSoGood
2102,File Transfer Protocol,806046600,18320149,Johnsoniensis,2017-10-19T09:26:18Z,C,NotSoGood
2103,File Transfer Protocol,224009794,18320149,ShepBot,2008-07-06T22:41:27Z,C,NotSoGood
2104,File format,806059215,18320150,Johnsoniensis,2017-10-19T12:05:50Z,C,NotSoGood
2105,File format,224009811,18320150,ShepBot,2008-07-06T22:41:31Z,C,NotSoGood
2106,Flynn's taxonomy,806091736,5474682,Johnsoniensis,2017-10-19T16:57:33Z,C,NotSoGood
2107,Flynn's taxonomy,224009821,5474682,ShepBot,2008-07-06T22:41:35Z,C,NotSoGood
2108,Flynn's taxonomy,154563557,5474682,Ludde23,2007-08-30T09:33:38Z,C,NotSoGood
2109,Flynn's taxonomy,154560815,5474682,Rm1854,2007-08-30T09:05:46Z,C,NotSoGood
2110,Flynn's taxonomy,154131325,5474682,Ludde23,2007-08-28T08:41:44Z,C,NotSoGood
2111,Flynn's taxonomy,154100585,5474682,Rm1854,2007-08-28T04:12:35Z,C,NotSoGood
2112,Flynn's taxonomy,130016838,5474682,Quuxplusone,2007-05-11T04:10:17Z,C,NotSoGood
2113,Flynn's taxonomy,130015670,5474682,Gatorphat,2007-05-11T04:01:57Z,C,NotSoGood
2114,Flynn's taxonomy,117028183,5474682,Ludde23,2007-03-22T13:55:10Z,C,NotSoGood
2115,Flynn's taxonomy,116907296,5474682,PAK Man,2007-03-21T23:38:30Z,C,NotSoGood
2116,Flynn's taxonomy,116907209,5474682,24.46.241.208,2007-03-21T23:38:04Z,C,NotSoGood
2117,Flynn's taxonomy,106249374,5474682,69.234.216.146,2007-02-07T05:36:35Z,C,NotSoGood
2118,Flynn's taxonomy,57487885,5474682,Hindu Wardrobe,2006-06-08T05:45:30Z,C,NotSoGood
2119,Free and open-source software,806100754,12003451,Johnsoniensis,2017-10-19T18:11:33Z,C,NotSoGood
2120,Free and open-source software,224009831,12003451,ShepBot,2008-07-06T22:41:39Z,C,NotSoGood
2121,Free and open-source software,144835847,12003451,Ludde23,2007-07-15T18:36:48Z,C,NotSoGood
2122,Free and open-source software,143982173,12003451,Arpingstone,2007-07-11T15:43:41Z,C,NotSoGood
2123,Free and open-source software,141352584,12003451,Ludde23,2007-06-29T08:27:15Z,C,NotSoGood
2124,Free and open-source software,141352338,12003451,Arpingstone,2007-06-29T08:25:05Z,C,NotSoGood
2125,Free and open-source software,141352161,12003451,Arpingstone,2007-06-29T08:23:23Z,C,NotSoGood
2126,Free software,806109377,1759044,Johnsoniensis,2017-10-19T19:21:44Z,C,NotSoGood
2127,Free software,224009842,1759044,ShepBot,2008-07-06T22:41:42Z,C,NotSoGood
2128,Free software,22658553,1759044,Henrygb,2005-09-06T00:15:01Z,C,NotSoGood
2129,Free software,22651063,1759044,81.77.177.91,2005-09-05T22:15:24Z,C,NotSoGood
2130,Free software,17410534,1759044,Henrygb,2005-06-24T10:05:04Z,C,NotSoGood
2131,Free software,15742058,1759044,JRM,2005-06-24T09:23:10Z,C,NotSoGood
2132,Free software,15740853,1759044,81.138.23.58,2005-06-17T10:28:32Z,C,NotSoGood
2133,Free software,15336606,1759044,81.138.23.58,2005-06-17T10:27:51Z,C,NotSoGood
2134,Free software,15336584,1759044,80.42.65.67,2005-06-17T10:20:35Z,C,NotSoGood
2135,Free software,15336374,1759044,80.42.65.67,2005-06-17T10:18:35Z,C,NotSoGood
2136,Free software,15336319,1759044,80.42.65.67,2005-06-17T10:17:56Z,C,NotSoGood
2137,Free software,15336299,1759044,Duinx,2005-06-15T20:14:54Z,C,NotSoGood
2138,Free software,15248628,1759044,Henrygb,2005-06-10T21:53:50Z,C,NotSoGood
2139,Free software,14996554,1759044,Henrygb,2005-04-19T09:29:20Z,C,NotSoGood
2140,Free software,12513544,1759044,82.37.192.184,2005-04-18T22:24:20Z,C,NotSoGood
2141,Free software,12494337,1759044,Coneslayer,2005-04-18T18:14:25Z,C,NotSoGood
2142,Free software,12484724,1759044,81.6.225.111,2005-04-18T17:46:38Z,C,NotSoGood
2143,Free software,12483738,1759044,62.255.64.9,2005-04-18T17:13:17Z,C,NotSoGood
2144,GeForce 900 series,806192771,18320152,Johnsoniensis,2017-10-20T09:54:31Z,C,NotSoGood
2145,GeForce 900 series,592652361,18320152,Senscape asylum serena,2014-01-27T16:13:45Z,C,NotSoGood
2146,GeForce 900 series,592652338,18320152,Senscape asylum serena,2014-01-27T16:13:32Z,C,NotSoGood
2147,GeForce 900 series,224009851,18320152,ShepBot,2008-07-06T22:41:45Z,C,NotSoGood
2148,Gerald Jay Sussman,806200426,18320153,Johnsoniensis,2017-10-20T11:38:14Z,C,NotSoGood
2149,Gerald Jay Sussman,224009864,18320153,ShepBot,2008-07-06T22:41:48Z,C,NotSoGood
2150,Google ATAP,806231804,18320157,Johnsoniensis,2017-10-20T16:29:20Z,C,NotSoGood
2151,Google ATAP,224009878,18320157,ShepBot,2008-07-06T22:41:51Z,C,NotSoGood
2152,Google Search,806236627,18320159,Johnsoniensis,2017-10-20T17:11:36Z,C,NotSoGood
2153,Google Search,224009894,18320159,ShepBot,2008-07-06T22:41:55Z,C,NotSoGood
2154,Gordon Moore,806248591,18320160,Johnsoniensis,2017-10-20T18:45:26Z,C,NotSoGood
2155,Gordon Moore,224009908,18320160,ShepBot,2008-07-06T22:41:58Z,C,NotSoGood
2156,HTML,806256202,17004730,Johnsoniensis,2017-10-20T19:43:04Z,C,NotSoGood
2157,HTML,224009917,17004730,ShepBot,2008-07-06T22:42:01Z,C,NotSoGood
2158,HTML,206673933,17004730,Ludde23,2008-04-19T11:48:14Z,C,NotSoGood
2159,HTML,206668116,17004730,218.26.164.178,2008-04-19T10:54:55Z,C,NotSoGood
2160,HTTP/2,794747240,18320162,Finnusertop,2017-08-09T20:38:42Z,C,NotSoGood
2161,HTTP/2,224009926,18320162,ShepBot,2008-07-06T22:42:04Z,C,NotSoGood
2162,HTTPS,806335800,7663010,Johnsoniensis,2017-10-21T09:45:59Z,C,NotSoGood
2163,HTTPS,358728761,7663010,174.45.157.36,2010-04-27T21:35:37Z,C,NotSoGood
2164,HTTPS,358728679,7663010,174.45.157.36,2010-04-27T21:35:08Z,C,NotSoGood
2165,HTTPS,358724680,7663010,Sallicio,2010-04-27T21:13:15Z,C,NotSoGood
2166,HTTPS,358724366,7663010,174.45.157.36,2010-04-27T21:11:48Z,C,NotSoGood
2167,HTTPS,224009934,7663010,ShepBot,2008-07-06T22:42:07Z,C,NotSoGood
2168,HTTPS,84235445,7663010,66.174.92.162,2006-10-28T14:12:53Z,C,NotSoGood
2169,Hacker,806350458,1052880,Johnsoniensis,2017-10-21T12:50:10Z,C,NotSoGood
2170,Hacker,224009942,1052880,ShepBot,2008-07-06T22:42:10Z,C,NotSoGood
2171,Hacker,46668182,1052880,142.150.16.149,2006-04-03T00:33:22Z,C,NotSoGood
2172,Hacker,16827579,1052880,204.116.39.63,2004-10-09T19:04:16Z,C,NotSoGood
2173,Hardware random number generator,806375839,18320165,Johnsoniensis,2017-10-21T16:38:13Z,C,NotSoGood
2174,Hardware random number generator,352834409,18320165,SineBot,2010-03-29T22:37:50Z,C,NotSoGood
2175,Hardware random number generator,352834350,18320165,121.245.152.127,2010-03-29T22:37:32Z,C,NotSoGood
2176,Hardware random number generator,232709460,18320165,Martarius,2008-08-18T15:56:57Z,C,NotSoGood
2177,Hardware random number generator,224009953,18320165,ShepBot,2008-07-06T22:42:13Z,C,NotSoGood
2178,Harwell computer,806390682,18320166,Johnsoniensis,2017-10-21T18:33:08Z,C,NotSoGood
2179,Harwell computer,224009959,18320166,ShepBot,2008-07-06T22:42:16Z,C,NotSoGood
2180,Hewlett-Packard,806394891,18320167,Johnsoniensis,2017-10-21T19:08:07Z,C,NotSoGood
2181,Hewlett-Packard,224009974,18320167,ShepBot,2008-07-06T22:42:19Z,C,NotSoGood
2182,History of personal computers,806398183,18320169,Johnsoniensis,2017-10-21T19:34:04Z,C,NotSoGood
2183,History of personal computers,224009984,18320169,ShepBot,2008-07-06T22:42:22Z,C,NotSoGood
2184,History of the floppy disk,806479752,18320170,Johnsoniensis,2017-10-22T08:40:48Z,C,NotSoGood
2185,History of the floppy disk,224009994,18320170,ShepBot,2008-07-06T22:42:25Z,C,NotSoGood
2186,Home server,806523911,18320171,Johnsoniensis,2017-10-22T16:02:44Z,C,NotSoGood
2187,Home server,224010003,18320171,ShepBot,2008-07-06T22:42:28Z,C,NotSoGood
2188,Human–computer interaction,806530329,18320172,Johnsoniensis,2017-10-22T16:48:47Z,C,NotSoGood
2189,Human–computer interaction,224010018,18320172,ShepBot,2008-07-06T22:42:31Z,C,NotSoGood
2190,Hypertext Transfer Protocol,806540356,18320173,Johnsoniensis,2017-10-22T18:04:03Z,C,NotSoGood
2191,Hypertext Transfer Protocol,224010027,18320173,ShepBot,2008-07-06T22:42:34Z,C,NotSoGood
2192,IBM Personal Computer,806644289,18320174,Johnsoniensis,2017-10-23T09:02:58Z,C,NotSoGood
2193,IBM Personal Computer,224010038,18320174,ShepBot,2008-07-06T22:42:37Z,C,NotSoGood
2194,IEEE 754,806694589,18320175,Johnsoniensis,2017-10-23T16:05:26Z,C,NotSoGood
2195,IEEE 754,224010048,18320175,ShepBot,2008-07-06T22:42:41Z,C,NotSoGood
2196,IEEE 802.11,806812533,11596149,Johnsoniensis,2017-10-24T09:06:09Z,C,NotSoGood
2197,IEEE 802.11,699967629,11596149,SineBot,2016-01-15T15:17:53Z,C,NotSoGood
2198,IEEE 802.11,699967514,11596149,184.89.58.120,2016-01-15T15:16:54Z,C,NotSoGood
2199,IEEE 802.11,224010058,11596149,ShepBot,2008-07-06T22:42:44Z,C,NotSoGood
2200,IEEE 802.11,159565456,11596149,Ludde23,2007-09-22T09:10:56Z,C,NotSoGood
2201,IEEE 802.11,159561695,11596149,167.94.2.9,2007-09-22T08:31:30Z,C,NotSoGood
2202,IEEE 802.11,136009277,11596149,Ludde23,2007-06-05T08:10:36Z,C,NotSoGood
2203,IEEE 802.11,135902320,11596149,66.68.134.51,2007-06-04T22:38:45Z,C,NotSoGood
2204,IP address,806822831,18320177,Johnsoniensis,2017-10-24T11:03:57Z,C,NotSoGood
2205,IP address,224010075,18320177,ShepBot,2008-07-06T22:42:50Z,C,NotSoGood
2206,IPad Air,806869067,18320178,Johnsoniensis,2017-10-24T17:17:09Z,C,NotSoGood
2207,IPad Air,224010086,18320178,ShepBot,2008-07-06T22:42:53Z,C,NotSoGood
2208,IPad Air 2,806877439,4458051,Johnsoniensis,2017-10-24T18:18:35Z,C,NotSoGood
2209,IPad Air 2,224010103,4458051,ShepBot,2008-07-06T22:42:56Z,C,NotSoGood
2210,IPad Air 2,44698732,4458051,Philopp,2006-03-20T19:37:04Z,C,NotSoGood
2211,IPad Mini 2,748046398,18320182,Dthomsen8,2016-11-06T01:03:20Z,C,NotSoGood
2212,IPad Mini 2,680232918,18320182,Johnsoniensis,2015-09-09T15:20:35Z,C,NotSoGood
2213,IPad Mini 2,224010116,18320182,ShepBot,2008-07-06T22:42:59Z,C,NotSoGood
2214,IPsec,806997926,18320183,Johnsoniensis,2017-10-25T09:06:48Z,C,NotSoGood
2215,IPsec,224010133,18320183,ShepBot,2008-07-06T22:43:02Z,C,NotSoGood
2216,IPv6,807028379,18320185,Johnsoniensis,2017-10-25T13:05:57Z,C,NotSoGood
2217,IPv6,224010144,18320185,ShepBot,2008-07-06T22:43:05Z,C,NotSoGood
2218,IRAF,807166712,18320187,Johnsoniensis,2017-10-26T09:41:35Z,C,NotSoGood
2219,IRAF,224010151,18320187,ShepBot,2008-07-06T22:43:08Z,C,NotSoGood
2220,ITIL,807227124,18320189,Johnsoniensis,2017-10-26T18:19:20Z,C,NotSoGood
2221,ITIL,224010164,18320189,ShepBot,2008-07-06T22:43:11Z,C,NotSoGood
2222,IT energy management,807331999,18320190,Johnsoniensis,2017-10-27T08:53:38Z,C,NotSoGood
2223,IT energy management,224010171,18320190,ShepBot,2008-07-06T22:43:14Z,C,NotSoGood
2224,IT law,807545874,18320191,Johnsoniensis,2017-10-28T17:28:14Z,C,NotSoGood
2225,IT law,224010178,18320191,ShepBot,2008-07-06T22:43:17Z,C,NotSoGood
2226,IT risk,807492630,18320193,Johnsoniensis,2017-10-28T09:11:26Z,C,NotSoGood
2227,IT risk,224010196,18320193,ShepBot,2008-07-06T22:43:20Z,C,NotSoGood
2228,Information privacy,807556275,18320194,Johnsoniensis,2017-10-28T18:38:31Z,C,NotSoGood
2229,Information privacy,224010208,18320194,ShepBot,2008-07-06T22:43:23Z,C,NotSoGood
2230,Infosys,807651015,18320195,Johnsoniensis,2017-10-29T08:55:39Z,C,NotSoGood
2231,Infosys,224010219,18320195,ShepBot,2008-07-06T22:43:26Z,C,NotSoGood
2232,Instant messaging,807673924,18320196,Johnsoniensis,2017-10-29T13:19:02Z,C,NotSoGood
2233,Instant messaging,224010235,18320196,ShepBot,2008-07-06T22:43:30Z,C,NotSoGood
2234,Instruction set architecture,807822887,18320198,Johnsoniensis,2017-10-30T09:13:22Z,C,NotSoGood
2235,Instruction set architecture,807822865,18320198,Johnsoniensis,2017-10-30T09:13:03Z,C,NotSoGood
2236,Instruction set architecture,224010249,18320198,ShepBot,2008-07-06T22:43:33Z,C,NotSoGood
2237,Intel 80386,808009838,18320200,Johnsoniensis,2017-10-31T09:56:37Z,C,NotSoGood
2238,Intel 80386,224010264,18320200,ShepBot,2008-07-06T22:43:36Z,C,NotSoGood
2239,Intel 80486,808063983,18320202,Johnsoniensis,2017-10-31T17:29:56Z,C,NotSoGood
2240,Intel 80486,224010276,18320202,ShepBot,2008-07-06T22:43:39Z,C,NotSoGood
2241,Intel 8086,808077422,18320203,Johnsoniensis,2017-10-31T19:02:55Z,C,NotSoGood
2242,Intel 8086,224010287,18320203,ShepBot,2008-07-06T22:43:42Z,C,NotSoGood
2243,Intel High Definition Audio,808175844,18320204,Johnsoniensis,2017-11-01T10:01:36Z,C,NotSoGood
2244,Intel High Definition Audio,224010293,18320204,ShepBot,2008-07-06T22:43:45Z,C,NotSoGood
2245,Internationalization and localization,808234079,18320205,Johnsoniensis,2017-11-01T17:47:50Z,C,NotSoGood
2246,Internationalization and localization,224010303,18320205,ShepBot,2008-07-06T22:43:49Z,C,NotSoGood
2247,Internationalized domain name,808355545,18320206,Johnsoniensis,2017-11-02T11:21:06Z,C,NotSoGood
2248,Internationalized domain name,224010314,18320206,ShepBot,2008-07-06T22:43:53Z,C,NotSoGood
2249,Internet access,808374933,18320208,Johnsoniensis,2017-11-02T14:08:29Z,C,NotSoGood
2250,Internet access,224010329,18320208,ShepBot,2008-07-06T22:43:56Z,C,NotSoGood
2251,Interpreter (computing),808407714,18320210,Johnsoniensis,2017-11-02T17:57:03Z,C,NotSoGood
2252,Interpreter (computing),417919111,18320210,SineBot,2011-03-09T07:09:05Z,C,NotSoGood
2253,Interpreter (computing),417919018,18320210,86.127.251.44,2011-03-09T07:07:59Z,C,NotSoGood
2254,Interpreter (computing),224010350,18320210,ShepBot,2008-07-06T22:44:01Z,C,NotSoGood
2255,J. C. R. Licklider,808517312,18320212,Johnsoniensis,2017-11-03T09:52:32Z,C,NotSoGood
2256,J. C. R. Licklider,224010366,18320212,ShepBot,2008-07-06T22:44:04Z,C,NotSoGood
2257,Java (programming language),224010377,18320213,ShepBot,2008-07-06T22:44:08Z,C,NotSoGood
2258,"Java Platform, Standard Edition",224010392,18320214,ShepBot,2008-07-06T22:44:11Z,C,NotSoGood
2259,John Backus,228389463,18320216,SineBot,2008-07-28T13:36:46Z,C,NotSoGood
2260,John Backus,228389368,18320216,218.241.141.194,2008-07-28T13:35:41Z,C,NotSoGood
2261,John Backus,224010403,18320216,ShepBot,2008-07-06T22:44:14Z,C,NotSoGood
2262,KHTML,224010415,18320219,ShepBot,2008-07-06T22:44:17Z,C,NotSoGood
2263,Kilobyte,224010429,18320221,ShepBot,2008-07-06T22:44:20Z,C,NotSoGood
2264,LZ77 and LZ78,641831317,18320222,211.225.34.163,2015-01-10T05:11:25Z,C,NotSoGood
2265,LZ77 and LZ78,224010435,18320222,ShepBot,2008-07-06T22:44:23Z,C,NotSoGood
2266,LaTeX,224010452,18320224,ShepBot,2008-07-06T22:44:26Z,C,NotSoGood
2267,Larry Ellison,786978718,18320226,InternetArchiveBot,2017-06-22T18:20:28Z,C,NotSoGood
2268,Larry Ellison,224010468,18320226,ShepBot,2008-07-06T22:44:30Z,C,NotSoGood
2269,Latin America and Caribbean Network Information Centre,332534584,18320227,Ludde23,2009-12-18T18:56:58Z,C,NotSoGood
2270,Latin America and Caribbean Network Information Centre,332512269,18320227,78.181.98.254,2009-12-18T16:33:45Z,C,NotSoGood
2271,Latin America and Caribbean Network Information Centre,224010478,18320227,ShepBot,2008-07-06T22:44:33Z,C,NotSoGood
2272,LibreSSL,602820112,18320228,SineBot,2014-04-05T04:52:28Z,C,NotSoGood
2273,LibreSSL,602820034,18320228,200.96.137.202,2014-04-05T04:51:24Z,C,NotSoGood
2274,LibreSSL,224010488,18320228,ShepBot,2008-07-06T22:44:36Z,C,NotSoGood
2275,Linux kernel,808816648,18320229,Johnsoniensis,2017-11-05T10:37:59Z,C,NotSoGood
2276,Linux kernel,224010503,18320229,ShepBot,2008-07-06T22:44:40Z,C,NotSoGood
2277,Lisp machine,808717768,11120007,Johnsoniensis,2017-11-04T18:09:17Z,C,NotSoGood
2278,Lisp machine,224010510,11120007,ShepBot,2008-07-06T22:44:43Z,C,NotSoGood
2279,Lisp machine,129260528,11120007,Ludde23,2007-05-08T15:36:16Z,C,NotSoGood
2280,Lisp machine,129253161,11120007,Sadartha,2007-05-08T15:06:11Z,C,NotSoGood
2281,Lisp machine,129252573,11120007,Sadartha,2007-05-08T15:03:41Z,C,NotSoGood
2282,Local area network,808700353,18320233,Johnsoniensis,2017-11-04T15:40:25Z,C,NotSoGood
2283,Local area network,224010520,18320233,ShepBot,2008-07-06T22:44:46Z,C,NotSoGood
2284,Login,808543476,18320234,Johnsoniensis,2017-11-03T14:16:06Z,C,NotSoGood
2285,Login,224010533,18320234,ShepBot,2008-07-06T22:44:49Z,C,NotSoGood
2286,MIME,808421714,18320238,Johnsoniensis,2017-11-02T19:37:33Z,C,NotSoGood
2287,MIME,224010547,18320238,ShepBot,2008-07-06T22:44:52Z,C,NotSoGood
2288,MacOS version history,808532378,18320239,Johnsoniensis,2017-11-03T12:34:21Z,C,NotSoGood
2289,MacOS version history,224010559,18320239,ShepBot,2008-07-06T22:44:55Z,C,NotSoGood
2290,Machine code,808564534,18320240,Johnsoniensis,2017-11-03T17:02:11Z,C,NotSoGood
2291,Machine code,224010566,18320240,ShepBot,2008-07-06T22:44:58Z,C,NotSoGood
2292,Machine learning,808665104,18320242,Johnsoniensis,2017-11-04T09:54:41Z,C,NotSoGood
2293,Machine learning,224010577,18320242,ShepBot,2008-07-06T22:45:01Z,C,NotSoGood
2294,Malware,808708072,18320244,Johnsoniensis,2017-11-04T16:47:41Z,C,NotSoGood
2295,Malware,224010595,18320244,ShepBot,2008-07-06T22:45:06Z,C,NotSoGood
2296,Margaret Hamilton (scientist),808725228,18320247,Johnsoniensis,2017-11-04T19:13:30Z,C,NotSoGood
2297,Margaret Hamilton (scientist),759172743,18320247,SineBot,2017-01-09T17:09:36Z,C,NotSoGood
2298,Margaret Hamilton (scientist),759172506,18320247,78.131.86.49,2017-01-09T17:08:02Z,C,NotSoGood
2299,Margaret Hamilton (scientist),224010609,18320247,ShepBot,2008-07-06T22:45:09Z,C,NotSoGood
2300,Master boot record,808976223,18320248,Johnsoniensis,2017-11-06T11:19:04Z,C,NotSoGood
2301,Master boot record,224010616,18320248,ShepBot,2008-07-06T22:45:12Z,C,NotSoGood
2302,Memory address,224010627,434349,ShepBot,2008-07-06T22:45:15Z,C,NotSoGood
2303,Memory address,16284237,434349,Wetman,2004-01-18T04:42:34Z,C,NotSoGood
2304,Memory management,224010638,79202,ShepBot,2008-07-06T22:45:18Z,C,NotSoGood
2305,Memory management,15970952,79202,Christopher Mahan,2002-09-01T19:18:30Z,C,NotSoGood
2306,Memory protection,224010651,18320251,ShepBot,2008-07-06T22:45:21Z,C,NotSoGood
2307,Mersenne Twister,224010660,18320253,ShepBot,2008-07-06T22:45:24Z,C,NotSoGood
2308,Messages (Apple),451254583,18320254,CommonsNotificationBot,2011-09-19T02:29:14Z,C,NotSoGood
2309,Messages (Apple),224019423,18320254,Captain-tucker,2008-07-06T23:26:51Z,C,NotSoGood
2310,Messages (Apple),224010672,18320254,ShepBot,2008-07-06T22:45:27Z,C,NotSoGood
2311,Michael Dell,224010683,18320256,ShepBot,2008-07-06T22:45:30Z,C,NotSoGood
2312,Microsoft Office,224010696,18320259,ShepBot,2008-07-06T22:45:34Z,C,NotSoGood
2313,Microsoft Office 2003,224010714,18320261,ShepBot,2008-07-06T22:45:39Z,C,NotSoGood
2314,Modem,224010728,18320263,ShepBot,2008-07-06T22:45:42Z,C,NotSoGood
2315,Motorola 6800,224010742,18320265,ShepBot,2008-07-06T22:45:45Z,C,NotSoGood
2316,Multi-core processor,224010750,18320266,ShepBot,2008-07-06T22:45:48Z,C,NotSoGood
2317,Multi-touch,224010765,18320269,ShepBot,2008-07-06T22:45:52Z,C,NotSoGood
2318,Music download,727973792,18320270,SineBot,2016-07-02T08:52:20Z,C,NotSoGood
2319,Music download,727973747,18320270,2003:4D:2D51:F471:6CB8:544B:84E7:254F,2016-07-02T08:51:50Z,C,NotSoGood
2320,Music download,224010782,18320270,ShepBot,2008-07-06T22:45:55Z,C,NotSoGood
2321,NP-completeness,274251297,18320272,Ludde23,2009-03-01T21:58:44Z,C,NotSoGood
2322,NP-completeness,274172681,18320272,88.224.54.155,2009-03-01T16:40:37Z,C,NotSoGood
2323,NP-completeness,274172663,18320272,88.224.54.155,2009-03-01T16:40:32Z,C,NotSoGood
2324,NP-completeness,274172659,18320272,88.224.54.155,2009-03-01T16:40:31Z,C,NotSoGood
2325,NP-completeness,224010798,18320272,ShepBot,2008-07-06T22:45:58Z,C,NotSoGood
2326,NP-hardness,224010811,18320273,ShepBot,2008-07-06T22:46:01Z,C,NotSoGood
2327,Natural language processing,581564240,18320275,SineBot,2013-11-14T01:30:40Z,C,NotSoGood
2328,Natural language processing,581564126,18320275,203.122.229.187,2013-11-14T01:29:32Z,C,NotSoGood
2329,Natural language processing,581564043,18320275,SineBot,2013-11-14T01:28:42Z,C,NotSoGood
2330,Natural language processing,581563930,18320275,203.122.229.187,2013-11-14T01:27:38Z,C,NotSoGood
2331,Natural language processing,498371181,18320275,Tbhotch,2012-06-19T17:51:57Z,C,NotSoGood
2332,Natural language processing,498296680,18320275,101.103.168.33,2012-06-19T06:17:54Z,C,NotSoGood
2333,Natural language processing,493237199,18320275,Tbhotch,2012-05-18T19:20:33Z,C,NotSoGood
2334,Natural language processing,493196271,18320275,Scrow2019,2012-05-18T14:20:48Z,C,NotSoGood
2335,Natural language processing,493192378,18320275,SineBot,2012-05-18T13:55:22Z,C,NotSoGood
2336,Natural language processing,493192184,18320275,Scrow2019,2012-05-18T13:54:06Z,C,NotSoGood
2337,Natural language processing,493189455,18320275,SineBot,2012-05-18T13:35:47Z,C,NotSoGood
2338,Natural language processing,493189269,18320275,216.156.106.30,2012-05-18T13:34:31Z,C,NotSoGood
2339,Natural language processing,224010825,18320275,ShepBot,2008-07-06T22:46:04Z,C,NotSoGood
2340,Nehalem (microarchitecture),224010840,18320277,ShepBot,2008-07-06T22:46:07Z,C,NotSoGood
2341,NetBSD,224010848,18320278,ShepBot,2008-07-06T22:46:10Z,C,NotSoGood
2342,Netbook,224010862,18320280,ShepBot,2008-07-06T22:46:14Z,C,NotSoGood
2343,Network packet,224010875,18320281,ShepBot,2008-07-06T22:46:16Z,C,NotSoGood
2344,Network switch,224010905,18320282,ShepBot,2008-07-06T22:46:25Z,C,NotSoGood
2345,Nomogram,702628030,18320284,John of Reading,2016-01-31T19:24:17Z,C,NotSoGood
2346,Nomogram,702185008,18320284,66.49.180.217,2016-01-29T00:09:16Z,C,NotSoGood
2347,Nomogram,224010916,18320284,ShepBot,2008-07-06T22:46:28Z,C,NotSoGood
2348,Non-standard RAID levels,395371595,18320287,John Hill,2010-11-07T16:33:41Z,C,NotSoGood
2349,Non-standard RAID levels,224010931,18320287,ShepBot,2008-07-06T22:46:31Z,C,NotSoGood
2350,Numerical control,224010942,7323516,ShepBot,2008-07-06T22:46:34Z,C,NotSoGood
2351,Numerical control,79892669,7323516,SkerHawx,2006-10-06T18:53:09Z,C,NotSoGood
